{"action": {"mean": [0.49895474314689636, 0.49668002128601074, 0.4926668405532837, 0.5016587972640991, 0.49927857518196106, 0.4942779541015625, 0.49800166487693787, 0.5026907324790955, 0.5034787654876709, 0.5053347945213318], "std": [0.2894447445869446, 0.2855839431285858, 0.2897303104400635, 0.2865874171257019, 0.29393887519836426, 0.2868801951408386, 0.2954210937023163, 0.286465585231781, 0.2899547517299652, 0.2893165051937103], "max": [0.999233603477478, 0.9957368969917297, 0.9991827607154846, 0.9992203116416931, 0.999695897102356, 0.99951171875, 0.9998600482940674, 0.999718189239502, 0.9991888403892517, 0.9992602467536926], "min": [0.00024085407494567335, 0.0009444921161048114, 0.000198383757378906, 0.0008683037012815475, 0.00022516991884913296, 0.0015299461083486676, 0.0012508223298937082, 0.001897576847113669, 0.0015899401623755693, 0.0004153493500780314], "p99": [0.9917819464206695, 0.9867217153310776, 0.9875112009048462, 0.9903368943929672, 0.9891656595468521, 0.9876649802923203, 0.989599689245224, 0.9906177562475205, 0.9881307739019394, 0.989207747578621], "p01": [0.006325476663187146, 0.007282865382730961, 0.011118043158203363, 0.012439122023060918, 0.008891964042559266, 0.00993437869474292, 0.0071915883896872404, 0.010493882084265353, 0.011064084637910128, 0.007959802392870188]}, "num_transitions": 2000, "num_trajectories": 200, "proprio": {"mean": [0.5025036334991455, 0.49707165360450745, 0.5037916898727417, 0.5094472169876099, 0.4996784031391144, 0.5050500631332397, 0.4816708266735077, 0.49330785870552063, 0.5081313848495483, 0.5017755627632141], "std": [0.290435791015625, 0.28684571385383606, 0.2856995761394501, 0.29250964522361755, 0.28683745861053467, 0.2887443006038666, 0.28863731026649475, 0.28393393754959106, 0.2890004813671112, 0.29253607988357544], "max": [0.9999136924743652, 0.9995265603065491, 0.999484658241272, 0.9994723200798035, 0.999566376209259, 0.9998012781143188, 0.9997689127922058, 0.999668300151825, 0.9979908466339111, 0.9997055530548096], "min": [0.0006538768066093326, 0.002077659824863076, 0.000520000874530524, 0.0006825901800766587, 0.001257178490050137, 0.0014350900892168283, 0.00034635630436241627, 0.0003265104896854609, 0.0009240272920578718, 0.0013048943364992738], "p99": [0.9924575632810593, 0.9882931834459304, 0.990421649813652, 0.9903085494041443, 0.9902880054712295, 0.9900312960147858, 0.9856773209571839, 0.9886880743503571, 0.9905341720581055, 0.9900428926944733], "p01": [0.010423255730420355, 0.008551543438807131, 0.009856244334951044, 0.010440037939697505, 0.01309043750166893, 0.014151413813233376, 0.011986426049843431, 0.008021968556568027, 0.014954363759607077, 0.011812667967751623]}}